Workbook

Sheet 00_Huong_dan
A1: MT-1P — MẪU NHẬP DỮ LIỆU 26 NHÀ MÁY THẬT
A3: Mục đích: file này dùng để thu thập dữ liệu thật của 26 nhà máy, phục vụ nạp vào ứng dụng tra cứu & quản lý tuân thủ môi trường MT-1P.
A5: Cách dùng:
A6: 1. Mỗi nhà máy điền một dòng trong từng sheet (01, 02, 03, 04). Mã nhà máy (MaNhaMay) phải giống nhau ở cả 4 sheet để hệ thống liên kết đúng dữ liệu.
A7: 2. Ô có nền VÀNG là ô cần điền dữ liệu thật. Ô có nền XANH NHẠT ở dòng đầu là VÍ DỤ minh họa — không sửa, chỉ tham khảo cách điền, có thể xóa sau khi hoàn tất.
A8: 3. Sheet 03 và 04 có sẵn danh sách chọn (dropdown) cho các cột trạng thái — bấm vào ô sẽ thấy mũi tên chọn, không cần gõ tay để tránh sai chính tả.
A9: 4. Ngày tháng nhập theo định dạng ngày của Excel (chọn ô sẽ hiện lịch hoặc gõ dd/mm/yyyy).
A10: 5. Nếu một nhà máy chưa có dữ liệu cho một mục nào đó (ví dụ chưa từng phân tích bùn thải theo QCVN 50), điền "Chưa có" hoặc "Cần thực hiện" thay vì để trống, để phân biệt với trường hợp bỏ sót.
A11: 6. Sau khi điền xong, gửi lại file này — dữ liệu sẽ được nạp vào ứng dụng MT-1P thay cho dữ liệu minh họa hiện tại.
A13: Danh sách sheet:
A14: 01_ThongTinNhaMay — thông tin cơ bản: tên, địa điểm, công suất, nguồn nước, người phụ trách
A15: 02_GPMT — số hiệu, ngày cấp, ngày hết hạn giấy phép môi trường (tự tính trạng thái còn hạn/quá hạn)
... A23: Dòng nền xanh nhạt = dòng ví dụ, không phải dữ liệu thật

Sheet 01_ThongTinNhaMay
A1: MaNhaMay | B1: TenNhaMay | C1: DiaDiem | D1: CongSuat_m3_ngay | E1: NguonNuoc (Mặt/Ngầm) | F1: NguoiPhuTrach | G1: GhiChu
A2: VD-01 | B2: Nhà máy nước Cao Lãnh | C2: Phường Cao Lãnh, tỉnh Đồng Tháp | D2: 6000 | E2: Nước mặt | F2: Nguyễn Văn A | G2: Dòng ví dụ — xóa sau khi hoàn tất
A3: NM01 | B3: Nhà máy nước mặt Đông Bình | C3: Khu phố Đông Bình, phường Cao Lãnh, tỉnh Đồng Tháp | D3: 40000 | E3: Nước mặt | F3: Đặng Thanh Hùng
A4: NM02 | B4: Nhà máy nước mặt Tân Long | C4: Khu phố Bến Bắc, phường Cao Lãnh, tỉnh Đồng Tháp | D4: 6000 | E4: Nước mặt | F4: Đặng Thanh Hùng
A5: NM03 | B5: Nhà máy nước mặt Mỹ Hiệp | C5: Cụm công nghiệp xã Mỹ Hiệp, tỉnh Đồng Tháp | D5: 5000 | E5: Nước mặt | F5: Đặng Thanh Hùng
A6: NM04 | B6: Nhà máy nước mặt Mỹ An | C6: Ấp Mỹ An 2, xã Tháp Mười, tỉnh Đồng Tháp | D6: 13000 | E6: Nước mặt | F6: Đặng Thanh Hùng
A7: NM05 | B7: Trạm cấp nước Mỹ Thọ | C7: Ấp Mỹ Tây, xã Mỹ Thọ, tỉnh Đồng Tháp | D7: 10000 | E7: Nước mặt | F7: Đặng Thanh Hùng
A8: NM06 | B8: Trạm cấp nước Trường Xuân | C8: xã Trường Xuân, tỉnh Đồng Tháp | D8: 2500 | E8: Nước mặt | F8: Đặng Thanh Hùng
A9: NM07 | B9: Nhà máy nước mặt Trần Quốc Toản | C9: Quốc lộ 30, phường Mỹ Ngãi, tỉnh Đồng Tháp | D9: 7000 | E9: Nước mặt | F9: Đặng Thanh Hùng
A10: NM08 | B10: Trạm cấp nước Tân Nghĩa | C10: Chợ Tân Nghĩa, phường Mỹ Ngãi, tỉnh Đồng Tháp | D10: 2000 | E10: Nước mặt | F10: Đặng Thanh Hùng
A11: NM09 | B11: Nhà máy nước Sa Đéc | C11: 270B, Trần Hưng Đạo, P. Sa Đéc, tỉnh Đồng Tháp | D11: 17000 | E11: Nước mặt | F11: Đặng Thanh Hùng
A12: NM10 | B12: Nhà máy nước KCN C | C12: KCN C, phường Sa Đéc, tỉnh Đồng Tháp | D12: 15000 | E12: Nước mặt | F12: Đặng Thanh Hùng
A13: NM11 | B13: Nhà máy nước mặt Nha Mân | C13: QL80, xã Tân Nhuận Đông, tỉnh Đồng Tháp (cầu Nha Mân) | D13: 7000 | E13: Nước mặt | F13: Đặng Thanh Hùng
A14: NM12 | B14: Nhà máy nước mặt Nha Mân 2 | C14: QL80, xã Tân Nhuận Đông, tỉnh Đồng Tháp | D14: 5000 | E14: Nước mặt | F14: Đặng Thanh Hùng
... A30: NM28 | B30: Nhà máy nước mặt Thanh Bình | C30: xã Thanh Bình, tỉnh Đồng Tháp | D30: 8500 | E30: Nước mặt | F30: Đặng Thanh Hùng

Sheet 02_GPMT
A1: MaNhaMay | B1: TenNhaMay | C1: SoGPMT | D1: NgayCap | E1: NgayHetHan | F1: CoQuanCap | G1: TinhTrang (tự động) | H1: CongSuatKhaiThac | I1: GhiChu
A2: VD-01 | B2: =IFERROR(INDEX('01_ThongTinNhaMay'!B:B,MATCH(A2,'01_ThongTinNhaMay'!A:A,0)),"") -> Nhà máy nước Cao Lãnh | C2: 12/BNNMT-GPMT | D2: 45000 | E2: 46827 | F2: Sở Nông nghiệp và Môi trường Đồng Tháp | G2: =IF(E2="","Chưa có dữ liệu",IF(E2<TODAY(),"Quá hạn",IF(E2-TODAY()<=60,"Sắp hết hạn","Còn hạn"))) -> Còn hạn | I2: Dòng ví dụ — xóa sau khi hoàn tất
A3: NM01 | B3: =IFERROR(INDEX('01_ThongTinNhaMay'!B:B,MATCH(A3,'01_ThongTinNhaMay'!A:A,0)),"") -> Nhà máy nước mặt Đông Bình | C3: số 907/UBND-KTHĐT ngày 13/9/2025 của UBND P. Cao Lãnh | F3: UBND phường Cao Lãnh | G3: không thời hạn | H3: 40000
A4: NM02 | B4: =IFERROR(INDEX('01_ThongTinNhaMay'!B:B,MATCH(A4,'01_ThongTinNhaMay'!A:A,0)),"") -> Nhà máy nước mặt Tân Long | C4: số 1927/UBND-KTHĐT ngày 7/11/2025 của UBND P. Cao Lãnh | F4: UBND phường Cao Lãnh | G4: không thời hạn | H4: 6000
A5: NM03 | B5: =IFERROR(INDEX('01_ThongTinNhaMay'!B:B,MATCH(A5,'01_ThongTinNhaMay'!A:A,0)),"") -> Nhà máy nước mặt Mỹ Hiệp | C5: số 04/UBND-HC ngày 19/6/2025 của UBND xã Mỹ Hiệp | F5: UBND xã Mỹ Hiệp | G5: không thời hạn | H5: 5000
A6: NM04 | B6: =IFERROR(INDEX('01_ThongTinNhaMay'!B:B,MATCH(A6,'01_ThongTinNhaMay'!A:A,0)),"") -> Nhà máy nước mặt Mỹ An | C6: số 974/UBND-KT ngày 21/4/2026 của UBND xã Tháp Mười | F6: UBND xã Tháp Mười | G6: không thời hạn | H6: 13000
A7: NM05 | B7: =IFERROR(INDEX('01_ThongTinNhaMay'!B:B,MATCH(A7,'01_ThongTinNhaMay'!A:A,0)),"") -> Trạm cấp nước Mỹ Thọ | C7: số 501/PKT-HC ngày 24/3/2026 của phòng KT -UBND xã Mỹ Thọ | F7: UBND xã Mỹ Thọ | G7: không thời hạn | H7: 10000
A8: NM06 | B8: =IFERROR(INDEX('01_ThongTinNhaMay'!B:B,MATCH(A8,'01_ThongTinNhaMay'!A:A,0)),"") -> Trạm cấp nước Trường Xuân | C8: số 386/UBND ngày 28/5/2025 của UBND xã Trường Xuân | F8: UBND xã Trường Xuân | G8: không thời hạn | H8: 2500
A9: NM07 | B9: =IFERROR(INDEX('01_ThongTinNhaMay'!B:B,MATCH(A9,'01_ThongTinNhaMay'!A:A,0)),"") -> Nhà máy nước mặt Trần Quốc Toản | G9: =IF(E9="","Chưa có dữ liệu",IF(E9<TODAY(),"Quá hạn",IF(E9-TODAY()<=60,"Sắp hết hạn","Còn hạn"))) -> Chưa có dữ liệu | H9: 7000
A10: NM08 | B10: =IFERROR(INDEX('01_ThongTinNhaMay'!B:B,MATCH(A10,'01_ThongTinNhaMay'!A:A,0)),"") -> Trạm cấp nước Tân Nghĩa | G10: =IF(E10="","Chưa có dữ liệu",IF(E10<TODAY(),"Quá hạn",IF(E10-TODAY()<=60,"Sắp hết hạn","Còn hạn"))) -> Chưa có dữ liệu | H10: 1800
A11: NM09 | B11: =IFERROR(INDEX('01_ThongTinNhaMay'!B:B,MATCH(A11,'01_ThongTinNhaMay'!A:A,0)),"") -> Nhà máy nước Sa Đéc | C11: số 105/TB-UNBD ngày 18/5/2026 của UBND phường Sa Đéc | F11: UBND phường Sa Đéc | G11: không thời hạn | H11: 17000
A12: NM10 | B12: =IFERROR(INDEX('01_ThongTinNhaMay'!B:B,MATCH(A12,'01_ThongTinNhaMay'!A:A,0)),"") -> Nhà máy nước KCN C | C12: số 30/TB-UBND ngày 24/4/2025 của UBND phường Tân Qui Đông | F12: UBND phường Tân Qui Đông (P. Sa Đéc hiện nay) | G12: không thời hạn | H12: 15000
A13: NM11 | B13: =IFERROR(INDEX('01_ThongTinNhaMay'!B:B,MATCH(A13,'01_ThongTinNhaMay'!A:A,0)),"") -> Nhà máy nước mặt Nha Mân | C13: số 273/UBND-KT ngày 30/5/2025 của UBND xã Tân Nhuận Đông | G13: không thời hạn | H13: 5000
A14: NM12 | B14: =IFERROR(INDEX('01_ThongTinNhaMay'!B:B,MATCH(A14,'01_ThongTinNhaMay'!A:A,0)),"") -> Nhà máy nước mặt Nha Mân 2 | C14: số 272/UBND-KT ngày 30/5/2025 của UBND xã Tân Nhuận Đông | F14: UBND xã Tân Nhuận Đông | G14: không thời hạn | H14: 3500
A15: NM13 | B15: =IFERROR(INDEX('01_ThongTinNhaMay'!B:B,MATCH(A15,'01_ThongTinNhaMay'!A:A,0)),"") -> Nhà máy nước mặt An Hiệp | C15: số 624/UBND-KT ngày 12/3/2026 của UBND xã Phú Hựu | F15: UBND xã Phú Hựu | G15: không thời hạn | H15: 2500
A16: NM14 | B16: =IFERROR(INDEX('01_ThongTinNhaMay'!B:B,MATCH(A16,'01_ThongTinNhaMay'!A:A,0)),"") -> Nhà máy nước mặt An Phú Thuận | G16: chưa thực hiện | H16: 4000
A17: NM15 | B17: =IFERROR(INDEX('01_ThongTinNhaMay'!B:B,MATCH(A17,'01_ThongTinNhaMay'!A:A,0)),"") -> Nhà máy nước mặt Bình Thành | C17: số 01/GPMT-UBND ngày 21/4/2025 của UBND huyện Lấp Vò | F17: UBND huyện Lấp Vò | G17: 10 năm | H17: 4000
A18: NM16 | B18: =IFERROR(INDEX('01_ThongTinNhaMay'!B:B,MATCH(A18,'01_ThongTinNhaMay'!A:A,0)),"") -> Nhà máy nước mặt Lộ Tiểu | C18: số 243/UBND-KT ngày ngày 14/5/2025 của UBND xã An Nhơn | F18: UBND xã An Nhơn (UBND xã Phú Hựu hiện nay) | G18: không thời hạn | H18: 5000
A19: NM17 | B19: =IFERROR(INDEX('01_ThongTinNhaMay'!B:B,MATCH(A19,'01_ThongTinNhaMay'!A:A,0)),"") -> Nhà máy nước mặt Mương Điều | G19: chưa thực hiện | H19: 4000
A20: NM18 | B20: =IFERROR(INDEX('01_ThongTinNhaMay'!B:B,MATCH(A20,'01_ThongTinNhaMay'!A:A,0)),"") -> Nhà máy nước mặt Khánh Mỹ | G20: chưa thực hiện | H20: 2500
A21: NM19 | B21: =IFERROR(INDEX('01_ThongTinNhaMay'!B:B,MATCH(A21,'01_ThongTinNhaMay'!A:A,0)),"") -> Nhà máy nước mặt Vĩnh Thạnh | C21: số 38/TB-UBND ngày 11/3/2026 của UBND xã Lấp Vò | F21: UBND xã Lấp Vò | G21: không thời hạn
A22: NM20 | B22: =IFERROR(INDEX('01_ThongTinNhaMay'!B:B,MATCH(A22,'01_ThongTinNhaMay'!A:A,0)),"") -> Nhà máy nước mặt Phú Hựu | C22: số 27/GPMT-UNBD ngày 26/6/2025 của UBND huyện Châu Thành | F22: UBND huyện Châu Thành (UBND xã Phú Hựu hiện nay) | G22: 10 năm | H22: 5000
A23: NM21 | B23: =IFERROR(INDEX('01_ThongTinNhaMay'!B:B,MATCH(A23,'01_ThongTinNhaMay'!A:A,0)),"") -> Nhà máy nước mặt Tân Phú Trung | C23: số 222/UBND-KT ngày 8/8/2025 của UBND xã Tân Phú Trung | F23: UBND xã Tân Phú Trung | G23: không thời hạn | H23: 4000
A24: NM22 | B24: =IFERROR(INDEX('01_ThongTinNhaMay'!B:B,MATCH(A24,'01_ThongTinNhaMay'!A:A,0)),"") -> Nhà máy nước mặt Tân Dương | G24: chưa thực hiện | H24: 5000
A25: NM23 | B25: =IFERROR(INDEX('01_ThongTinNhaMay'!B:B,MATCH(A25,'01_ThongTinNhaMay'!A:A,0)),"") -> Nhà máy nước mặt TP. Hồng Ngự | C25: số 1732/GPMT-UBND ngày 05/6/2025 của UBND TP. Hồng Ngự | F25: UBND TP. Hồng Ngự (UBND phường An Bình hiện nay) | G25: =IF(E25="","Chưa có dữ liệu",IF(E25<TODAY(),"Quá hạn",IF(E25-TODAY()<=60,"Sắp hết hạn","Còn hạn"))) -> Chưa có dữ liệu | H25: 17500
A26: NM24 | B26: =IFERROR(INDEX('01_ThongTinNhaMay'!B:B,MATCH(A26,'01_ThongTinNhaMay'!A:A,0)),"") -> Nhà máy nước Thường Thới Tiền | C26: số 488/GPMT-UBND ngày 12/5/2025 của UBND tỉnh Đồng Tháp | F26: UBND tỉnh Đồng Tháp | G26: =IF(E26="","Chưa có dữ liệu",IF(E26<TODAY(),"Quá hạn",IF(E26-TODAY()<=60,"Sắp hết hạn","Còn hạn"))) -> Chưa có dữ liệu | H26: 6000
A27: NM25 | B27: =IFERROR(INDEX('01_ThongTinNhaMay'!B:B,MATCH(A27,'01_ThongTinNhaMay'!A:A,0)),"") -> Nhà máy nước mặt An Long | C27: số 947/TB-UBND ngày 10/6/2026 của UBND xã An Long | F27: UBND xã An Long | G27: =IF(E27="","Chưa có dữ liệu",IF(E27<TODAY(),"Quá hạn",IF(E27-TODAY()<=60,"Sắp hết hạn","Còn hạn"))) -> Chưa có dữ liệu | H27: 6000
A28: NM26 | B28: =IFERROR(INDEX('01_ThongTinNhaMay'!B:B,MATCH(A28,'01_ThongTinNhaMay'!A:A,0)),"") -> Nhà máy nước Bình Phú | C28: số 83/GPMT-UBND ngày 29/5/2025 của UBND huyện Tân Hồng | F28: UBND huyện Tân Hồng (nay là xã Tân Hồng) | G28: =IF(E28="","Chưa có dữ liệu",IF(E28<TODAY(),"Quá hạn",IF(E28-TODAY()<=60,"Sắp hết hạn","Còn hạn"))) -> Chưa có dữ liệu | H28: 6000
A29: NM27 | B29: Nhà máy Tràm Chim | C29: số 1438/GPMT-UBND ngày 27/6/2025 của UBND huyện Tam Nông | F29: UBND xã Tràm Chim | H29: 6000
A30: NM28 | B30: Nhà máy nước mặt Thanh Bình | C30: chấp thuận của UBND xã Thanh Bình ngày 12/11/2025 | F30: UBND xã Thanh Bình | H30: 8500

Sheet 03_TrangThaiNghiaVu
A1: MaNhaMay | B1: TenNhaMay | C1: NuocThai | D1: CTNH | E1: BunThai | F1: HoaChat | G1: QuanTrac | H1: BaoCao | I1: KNK | J1: EPR | K1: GhiChu
A2: VD-01 | B2: =IFERROR(INDEX('01_ThongTinNhaMay'!B:B,MATCH(A2,'01_ThongTinNhaMay'!A:A,0)),"") -> Nhà máy nước Cao Lãnh | C2: Đạt/Còn hạn | D2: Sắp đến hạn | E2: Đạt/Còn hạn | F2: Đạt/Còn hạn | G2: Đạt/Còn hạn | H2: Sắp đến hạn | I2: Cần rà soát | J2: Cần rà soát | K2: Dòng ví dụ — xóa sau khi hoàn tất
A3: NM01 | B3: Nhà máy nước mặt Đông Bình
A4: NM02 | B4: Nhà máy nước mặt Tân Long
A5: NM03 | B5: Nhà máy nước mặt Mỹ Hiệp
A6: NM04 | B6: Nhà máy nước mặt Mỹ An
A7: NM05 | B7: Trạm cấp nước Mỹ Thọ
A8: NM06 | B8: Trạm cấp nước Trường Xuân
A9: NM07 | B9: Nhà máy nước mặt Trần Quốc Toản
A10: NM08 | B10: Trạm cấp nước Tân Nghĩa
A11: NM09 | B11: Nhà máy nước Sa Đéc
A12: NM10 | B12: Nhà máy nước KCN C
A13: NM11 | B13: Nhà máy nước mặt Nha Mân
A14: NM12 | B14: Nhà máy nước mặt Nha Mân 2
... A30: NM28 | B30: Nhà máy nước mặt Thanh Bình

Sheet 04_LichCongViec
A1: Ngay | B1: NoiDungCongViec | C1: MaNhaMay | D1: NhomNghiaVu | E1: MucDoUuTien | F1: NguoiPhuTrach | G1: TrangThai | H1: GhiChu
A2: 46270 | B2: Kiểm tra khu vực lưu giữ CTNH | C2: VD-01 | D2: CTNH | E2: Cao | F2: Nguyễn Văn A | G2: Chưa làm | H2: Dòng ví dụ — xóa sau khi hoàn tất

Sheet Sheet1
